word,spam_subject_word_count
_cd_nua_do_dhamhsa,1
_melhore,1
0.04,1
000608,1
000644,1
0137cpnx4,1
0179mfrp5,1
040jxgt0341bxgg,1
05152,1
05775748,2
057sxua1524uhkc5,2
0753hheu3,1
0766aexl8,1
08568,1
0922lkvt8,1
097,1
0989sqj,2
0rvn,2
"1,000",3
"1,021,320.00",1
"1,2,3",1
"1,500.00",2
1.1,1
1.21,2
1.5,2
1.95,2
"10,000",1
10.124,2
10.132,2
10.148,2
10.206,2
10.24,2
100,30
"100,000",6
100.000,4
1000,2
100k,2
10469,1
10782,2
10891,1
1090,2
1093,1
1095,1
10k,1
10th,2
11.150,2
11.180,2
11.19,1
11.67,2
11.70,2
110,1
1104,1
11058,2
1111buho3,1
111bagy1254ihzj0,2
11284,1
11294,1
113rfxd3342c,1
1147,1
11781,1
11925,1
11956,2
11th,2
12021,2
12083,1
12173,2
12244,1
123,1
12304,3
12399,1
126432211,1
126432211111,1
12678,1
12879,2
13.200,2
1335pv,1
13365,1
13474,1
136,2
1365,1
"139,000",2
13986,1
14.51,2
14.95,19
14010,1
14144,1
14249,1
14599,1
1471,1
1474322,1
1495,2
15373,1
1575332211111,1
158545,1
16.99,1
164rdh,1
16533,1
16540,1
16548,1
16889,2
1709d,2
1735jsob8,1
17441,2
17579,1
17639,2
17897,1
179dml,2
18070,2
18436,1
18441,1
1848025,1
1848qgmtl8,1
18638,1
18861,1
189,1
189643322211,1
18cent,3
19.95,1
1903,1
19186,1
19275,1
1948,1
1963,1
19806,1
19819,1
1njps,1
1st,1
2.99,2
200,3
"200,000",1
2000,4
2002,42
2003,4
2004,2
2009vjtt6,2
201heqy5778,1
2022,14
202ztvw0499,1
20fat,1
20gain,1
20hgh,1
20k,1
20muscle,1
20with,1
21.05.02,1
21107543,1
211075433222,1
21198,2
21231,1
21405,1
2147pbqg,1
21570,1
21846,1
219,1
21st,3
22.5lbs,2
220,1
22311,2
22337,1
22354,1
225,2
22560,1
22956,1
2306,1
23101,1
231175433222211111111,1
234,1
23719,1
23758,1
23827,1
2386bjse0,1
23875,2
23967,1
24.07.2002,1
24.99,1
24128644332,1
24344,2
24625,1
24632,1
2467szaw6,1
24772,2
24898,1
"25,000",8
25.07.2002,1
250,3
"250,000",4
2500,2
25031,1
25336,1
25395,1
2550,1
25654,1
25711,1
25735,1
25780,1
25834,1
26035,1
26138654332222,1
2617iwch6,1
261uccu3485ggcz0,2
263,1
26583,1
26666,1
26792,2
26828,1
26930,1
27103,1
27283,1
27540,1
27747,1
27886,1
27896,1
278zkcc8,1
"28,000,000",1
28534,1
28940,2
29.99,16
290,1
2915,1
29155,1
29264,1
29521,1
29658,1
2968zuyw7,1
2c6e,1
"3,500",1
3.5,1
3.9,4
300,7
30028,1
30127,1
3015107654,1
30201,1
30314,1
30543,2
306ffsq8613j,1
308hrpj0402jbd,1
309,4
30k,3
3115107654333222221111,1
312,1
32004,2
32053,2
32140,1
32286,1
32349,1
324.99,1
32448,1
32482,2
32604,1
32736,1
331611865443,1
33161186544333222,1
33357110,1
3341iyjl5,1
3352,2
338r,1
342,1
34472,1
348,1
349,2
359,1
3606dbgc0,1
36qfzq,3
371812976544333222,1
3750r,1
37661,1
38191297,1
3821,1
3867,1
39.95,1
399,6
"4,000",2
4.05,2
4.75,8
4139yaek3,2
4156cumg9,2
4179uklj5,2
422,1
432114108765443333222222,1
434,1
441,1
442,1
448g,1
"449,000",1
4497vlnz2,2
"455,000",1
4611,2
4623,1
4658,1
4674ewsq2,1
485kzvl3295uexz5,1
4863d,2
486vnhz47,2
49.95,1
4924161298765444333,2
492ogro,1
4c55,1
"5,000",1
5.00,1
5.75,1
"50,000",3
500,22
"500,000",4
5000,5
5026hbtl0,1
5056,1
50mg,2
512517,1
5182,1
5189ssqw0,1
5214,1
5226171310,1
522qsvt41,1
526vcg,1
5283axpg9,1
"53,719",1
5326171310876554443333,1
5427181310976654443333322,1
556486,1
556bgri3709d,1
559928,1
561wvnn9l17,1
562818141198765544433,1
56281814119876554443333,1
567842,1
572819,1
574a,1
583,1
5918899,1
6.25,8
6.29,2
6.50,9
6.95,1
6113,1
6117kfvc5,3
623b,1
6269,1
6277zwyl0,2
6302ldl6,1
6320cumf1,1
640z,1
6465,1
6486,1
65000,2
6537dw,1
6674,1
6801wbrq4,2
6826,2
697yfcq4277rqzm,2
6bftc,1
6fqtt,1
6gho10,1
6ywab,1
7000,1
7012azya1,1
704zrjd7955,1
7099ocyt9,2
712,1
7126kyik0,2
7134,2
71733,1
7272gtnz8,1
729b,1
7325zmhy2,1
7377,2
738hfdn8831kbee5,1
7504,1
7531,1
754g,1
7595,1
759cs,1
7893vbvf1,1
7909aenw6,1
7968,1
"8,000",1
800,1
8119,2
8172lhaj7,1
821k,1
8403zmsx2,1
84221111000000,1
8454,1
8456,1
8551iasm,1
855yqkc5,2
857erkg8484hnwz3,1
8688sl,1
8741yt,1
8785,1
8798qqls4,1
8859,3
8870hgdg0,1
8976,1
8simugq,2
9.05,1
9.50,3
900,2
9009zrld0,2
9018,1
901jgl30,1
911,1
936,1
93910,1
940mjbj463,2
9462,1
951,2
95508,1
9576,1
964k,1
9652cyuh7,1
968,1
982244611,1
9840,1
9850,1
9879,1
99.95,4
9959glxz3,1
9am,1
9iz5ioamknbo3ql9u1maoutc1cv,1
9ltetmty3lq,1
9we,1
a3x,3
a4f,3
a4h,1
a4l,2
a4u,1
a4w,2
a5i,1
a5x,1
a6b,1
a6h,4
a6n,4
a7a,14
a7k,2
a7x,2
aaf,1
aak,1
aanfh,2
aaqnf,1
abm,2
absorbers,3
abusers,2
accelerate,3
accept,5
accepting,2
access,9
accidents,1
accorded,1
account,26
accountbbhnqghu,1
accounts,1
acedl,1
aco,2
acount,1
act,6
acting,1
action,3
activity,4
actors,1
add,2
address,2
addresses,24
adghrvikmm,1
admin,1
administration,1
administrativa,1
adn,7
adp,2
adres,1
ads,1
adult,16
adults,1
adv,99
adv:ce,1
adv:harvest,1
advance,3
advantage,4
advertise,2
advertising,1
advice,3
aegjngkjgw,1
affili,1
affiliate,3
afford,1
affordable,5
afpe,2
aftknqjnkdmfzndbhklgjixdm2z,1
againts,4
agency,1
agent,2
agents,3
aging,2
agra,2
aiqjz,1
airline,2
aknmq,1
album,2
alcohol,2
alert,4
allmerica,1
alternative,2
alternatives,1
amateur,1
amaze,2
amazing,5
amazon.com,2
america,4
america's,1
american,5
americans,1
amount,1
amyns,1
ance,1
andrea_justice,1
anlt,1
anniv,1
announcement,1
announcing,2
annual,1
annually,1
annuities,2
annuity,12
answer,4
answers,1
antenna,1
anti,3
anticaipting,2
anticipated,2
anvx,1
anymore,1
anytime,3
app,3
appeals,1
application,6
applications,1
appointment,3
approach,2
approval,6
approved,18
apr,2
arabia,1
armed,1
arms,1
arrived,2
art,1
article,1
articles,2
asap,2
asian,1
assisst,1
assistance,27
assistance.tel,2
assistant,4
atm,2
attached,1
attention,1
attn,15
attn:targeted,3
attorneys,1
attract,2
auction,1
auctions,2
aufd,1
ausgabe,2
auto,21
automated,1
automation,1
avant,1
ave,1
aver,2
avfs,2
avg,1
award,2
awiating,2
ayaxa,1
aymou,1
b0_,2
b0e,2
b3o,1
b3s,1
b4i,2
b4m,2
b5l,2
b5mba_,2
b5o,2
b6o,2
b6w,1
b7q,2
b7s,1
b9d,2
b9q,4
babe,2
babes,2
baby,2
babysitter,1
backup,1
bad,10
bailout,2
bank,11
bankrputcy,1
banned,11
banner,1
bare,2
base,5
based,5
bathtub,1
bban,2
bbnf,1
beat,3
beats,1
beautiful,4
bed,2
begins,5
belt,2
beneficiary,1
benefits,1
benefitting,2
bet,1
bevstar10,1
bfl,1
bgs,1
bhgb,1
bible,2
bidstogo,1
big5,27
bigger,6
biggest,1
biker,1
biliyoruz,2
bill,11
billion,1
bills,8
biologically,1
bitches,1
biz,10
bizop,3
bizz,1
bju,1
black,1
blair.com,2
blast,2
blaster,5
blessing,2
bloeeys,1
blossom,1
blowout,2
blue,1
blwe,1
bnimanie,1
body,2
bol,1
bonus,3
bonuses,1
book,1
booking,1
books,2
boost,5
booster,1
borrow,1
boss,3
bottle,2
boys,1
bra,1
brad,1
brand,4
bread,1
break,1
breaking,2
breakthrough,6
breast,10
breasts,5
brighten,1
bring,1
britney,1
broker,2
bsjmcoik,2
bucks,2
buddha,1
buffett,2
build,4
buisness,1
bulk,1
bulker,2
bunun,2
buradayiz,2
bureaus,1
burgers,1
burners,2
burning,1
bus,2
bush,1
business,65
businesses,2
bust,2
busy,3
butt,2
buy,12
buyers,3
buying,1
bvax,2
byrdshot,1
c1qotls0tmjawm8tqnntcmcjvls00,2
c2971,1
c6w,1
cable,9
calcutta,1
calif,2
call,15
calling,4
calls,12
cam,2
cameras,1
cams,1
candidate,1
cannabis,1
capable,2
capacitor,1
capsules,2
capture,2
car,3
card,21
cards,10
care,3
career,4
cars,8
cartridges,33
cash,19
casino,2
casting,1
catalog,2
cau,1
caught,3
ccaxc,2
cctld,1
cd's,2
cds,5
cek,2
celebs,1
cell,17
cents,6
century,3
ceviri,4
chain,1
chance,4
change,1
channels,4
charge,2
charges,1
charity,1
chase,2
chat,1
chatroom,1
cheap,10
cheating,2
check,4
checking,1
checks,1
chicago,3
chick,1
child,8
children,1
china,3
chinese,4
choosers,2
christmas,1
christmass,1
chuong,1
cigarettes,6
citizen,3
city,2
claim,6
classifieds,2
classrooms,1
clean,5
cleanser16704,1
clearance,26
click,5
clicquot,2
clients,3
clips,2
close,1
closed,2
closers,1
closing,1
closr,1
cmgpk,1
cna,2
coach'invest,4
coaster,1
cock,2
coeds,1
coffeemaker,1
cokxwej,1
collateral,1
collecct,1
collect,4
college,1
colon,1
colonize,1
color,1
columbo,1
coming,3
commentary,4
commission,9
commissions,9
communications,2
community,10
comp,2
companies,6
company,16
compare,1
comparison,1
compete,5
competition,6
competitive,2
competitors,2
complete,11
complimentary,1
computer,38
concentration,1
concept,2
conduct,1
conference,12
conferencing,4
confidence,2
confidential,5
confirmation,1
congrats,2
congratualtions,2
congratulations,10
congress,1
connectivity,1
consolidate,1
consolidation,4
consultation,3
consulting,1
consumer,1
contact,3
containers,3
content,2
continuing,1
contraloria,1
control,1
convergence,2
conversions,1
cool,1
cooperation,1
copier,3
copiers,1
copy,8
cost,23
costs,2
country,3
coupon,1
coverage,2
covered,1
coxr,2
cpbxq,1
cptj,2
cpu,2
cpunks,1
cqhcp,2
cracking,1
creamfields,1
create,6
creates,1
credit,43
creditors,1
credits,2
creep,1
criminal,1
crisp,1
critical,2
crua,2
cry,5
crystal,1
ctk,1
ctlosjv,1
cum,3
cun,1
cup,1
currency,3
current,1
custom,16
customer,6
customers,2
customized,2
cut,1
cwfqt,1
cwu09fwu6g2xke57doi0,1
cwu09hpsru21tc5,1
cyberage,2
czfqnt,1
czztb,1
d.c,1
daily,2
dancers,1
daniel,1
dare,2
data,2
database,8
datacomm.ch,1
date,2
date.com,1
dating,2
dave,1
day,36
days,18
dcms,1
ddbfk,1
deal,3
deals,4
debt,13
debts,1
deca,1
declines,2
defense,1
degree,1
degrees,1
delete,3
dental,1
depend,2
dernier,1
descrambler,1
deserve,7
design,3
designed,1
desire,1
desk,3
desktop,2
desparately,1
details,4
detector,2
dev,1
development,4
devenez,1
dfi,1
dfvht,2
dgywaog,2
dhf84z8f,1
dhzbj,2
diabetes,4
dialogue,1
died,1
diesel,1
diet,1
difference,1
differences,3
digital,5
dileriz,2
dinheiro,1
diploma,3
diplomas,2
direct,7
directory,1
dirty,3
disclosure,1
discount,8
discounted,5
discover,2
discreet,1
discs,2
disney,1
disorders,1
distance,16
distributor,1
djdam,1
djf,1
djhl,2
dlra,2
dnjwn,1
doc,1
doctor,6
doctors,8
doesnt,7
dollar,3
dollars,2
domain,10
dont,5
donya,1
dorm,3
double,5
download,3
downloader,2
dqb,1
dream,1
dreamed,2
dreams,2
drive,1
driving,1
drop,2
dropped,2
drsjc,1
drug,3
drugs,2
drugstore,1
dsl,2
dtqawn,1
dual,2
due,1
dumb,1
dvd,12
dvd's,2
dvds,5
dvr,4
dwgxb,1
dxyxi,1
e9il,1
earn,22
earning,2
easily,1
easy,17
ebay,20
ecmba,1
economy,2
ed_ch,1
edahx,2
edhhnjtvwx,1
edition,2
education,2
eew58,1
effective,6
egg,1
eiexvv,2
ein,2
ekili,2
electrical,1
eliminate,2
elite,3
em1,1
email,45
emails,3
embarrass,2
embedded,1
emc,1
employee,1
employment,1
endeavour,2
enenkio,1
energy,2
engine,5
engineers,1
english,2
enhance,1
enhancement,6
enhancing,2
enjoy,4
enlargement,6
enlarging,1
enter,4
entertainment,4
entrepreneur,1
eolnt,1
equal,1
equipment,1
equity,2
erection,1
erections,1
erin,1
erotikdarsteller,2
error,3
esoy,1
estate,3
estimated,2
euro,1
ewfxv,1
example.com,4
exception,1
excerpt,2
exchange,4
excuse,1
executives,2
exhibition,2
existing,1
expand,4
expenses,2
experiences,1
expire,2
expires,5
explosive,1
export,1
exposed,1
exposure,1
express,2
exquisite,4
extended,20
extensions,13
extra,8
extractor,5
extreme,1
eye,3
factor,1
factors,2
faeries,2
fags,4
fallen,1
family,5
family's,3
famous,1
faq,2
farea,1
fast,14
faster,1
fastest,6
fat,9
fault,2
favor,2
fax,9
faxes,1
fbi,2
fee,4
feeds,2
feel,6
feeling,2
fees,13
fehk,1
female,1
few62dodabghzd5ow,1
fgtpril,2
fight,1
fighter,1
figures,3
file,2
fill,5
film,1
filter,1
final,4
finally,4
financial,11
fire,1
firm,1
fisted,2
fix,3
fixed,11
fixes,1
flat,2
flight,2
flu,1
fly,1
fnqptg,1
focus,3
foml,1
ford,1
foreclosure,1
foreign,3
forever,1
forex,1
forget,2
fork,3
form,2
formula,2
fortune,18
forty,2
forum,2
foto,1
found,3
fountain,2
fqdptsykrn5,2
fqxwee,1
fr53h,1
fraud,3
fre,2
freak,2
free,196
free:orlando,1
freedom,5
freeq4i1i6p8,1
freightmart,1
freightmart.com,1
fresh,3
friend,13
friendly,2
friends,1
friendsearch,2
fts,2
fuck,4
fuel,1
fuller,5
fun,4
funding,1
funds,6
funny,1
future,11
fuxst,1
fwd,11
fwd:direct,2
g1010pn,1
gadget,2
gadgets,2
gain,9
gains,1
game,4
games,2
ganhe,1
garden,4
gas,4
gates,7
gateway,2
gb2312,11
gbk,2
gbvzzzz,2
gdoz,1
gdu,1
gef,2
gelling,1
genealogy,1
generating,2
generational,1
generic,2
genuine,1
george,2
ger,1
gerencia,1
gevalia,1
ghoe,1
gift,4
ginger,1
girl,1
girlfriends,2
girls,2
giveaway,1
giving,3
gjannsxrwg,1
gji,1
gjoq1lugeh3axiep2anbbyd,1
global,3
goals,1
gold,1
goodbye,1
goodz,2
gorgeous,4
gov't,1
government,10
governmental,1
grand,1
grant,3
grants,12
green,5
greencard,2
greeting,1
grill,1
ground,1
grow,12
growing,8
grownups,1
growth,5
gsg,2
guarantee,2
guaranteed,28
guarantees,1
guarantees6s2n2k6,1
guide,1
guns,1
gxlqg,1
gyrcjdckocrfjegkyirije4lmyvpjvwlbce8jtclzyvzgyhk,8
gyrctcq,6
gzrhtkj,1
haberdar,2
half,4
hand,2
handel,2
handheld,2
hands,1
happened,1
happiness,2
hard,3
hardcore,2
hardware,1
harmful,4
harmony,2
harvest,11
hassle,3
hawai,1
hbi,1
head,4
headset,1
health,10
healthier,1
hearing,2
heaven,2
helpful,1
helps,2
herb,2
herbal,13
hey,8
hfnvm,1
hgh,28
hgh17283,1
highly,1
hilarious,5
hips,2
hiring,13
history,2
hit,11
hits,1
hizli,2
hloy,1
hmlflk,1
hmlpy,1
hmuprzd,2
hnwgyi,1
hole,1
holidays,2
home,74
homebcutp,1
homeylwlnman,1
honest,1
hormone,5
horny,3
horse,2
horseshoe,1
hosting,5
hot,2
hotel,1
hotspots,1
hottest,5
hour,2
hours,1
house,7
hpshum,1
hrlb,1
hsdpr,2
html,2
http,6
htw,1
huge,7
human,3
hundreds,3
hunnie,2
huoc,1
hurry,1
hush,2
hvgxs,2
hywwzzlzd,2
hzo,1
icin,2
idea,2
identification,1
ihsxq,2
ihtiyaciniz,2
iinternet,2
iiu,2
iiu.taint.org,6
iiwmjw,1
illegal,2
illness,2
ilob,1
ilug,119
ilywe,1
images,2
iml,1
immediately,3
immune,1
impaired,4
impress,1
improved,5
improvement,1
inbeq,1
incest,1
inch,1
inches,4
income,9
increase,17
increased,1
incredible,9
index,1
indexed,1
india,2
industry,4
inflation,1
info,23
infobytel,1
information,27
informatique,2
inheritance,2
ini,2
ink,9
inkjet,24
innovative,1
insanity,6
insbuyer.com,1
inside,3
insight,1
installed,1
instant,9
instantly,3
instate,1
instrutions,1
insur,1
insurance,45
intent,1
international,3
internet,34
interviews,1
introducing,5
introductory,2
invest,2
investigator,2
investing,1
investment,21
investments,1
investor,2
invitation,6
invite,2
invited,1
invites,1
involved,1
iraq,3
irbxij,1
ireland,1
ireland's,1
irloq,1
irs,3
isa,1
iso,17
isoxtjcn,1
isp,4
issue,3
issues,2
iste,1
items,1
iubrq,2
iuju,1
ivx,2
jack,1
jackpot,2
jailed,2
janet,2
jbtfcz,1
jdnhd,1
jenny,2
jhiwns,2
jif,1
job,6
jobs,1
jodra,1
joi,1
join,12
joke,6
joseph,1
jptj,1
jrgbm,1
jrtx,1
judgements,1
judgment,1
judgments,1
judicial,2
juiceman,1
july,5
jumbo,1
jump,1
junk,2
jwctgff,1
k26kt5bue4adbad2c,1
k9lej,1
kacirmayin,2
kamela,1
kargbo,1
katfish48,1
kathy,1
kayit,1
kcc,1
kennst,2
kgwu92hsczsz8kjrnk71bnm7m,2
khuyen,1
killing,1
kime,1
kin,1
kindly,5
kingdoms,1
kings,1
kit,4
klipler,2
kmart,4
kmunnwq6p12tdpvinwvagy,1
knickers,1
kplxl,1
ksdk,1
kvpb,1
kytauzirzptf,1
label,2
lanigel,1
laptop,3
largest,1
las,1
laser,4
late,1
latina,1
laud,1
law,2
lawyer,1
laxpress,1
lazy,2
lazytraders,2
lbs,8
ldiop,1
ldt,1
lead,1
leaders,1
leading,2
leads,14
learn,3
lease,2
lections,1
legal,13
legally,2
lekot,1
lender,2
lender's,2
lenders,8
length,2
les,1
lesbian,3
lesbo,1
letter,1
level,4
lfhlxhu,2
lgjdg,1
lgw,1
liberal,1
library,2
license,1
lie,2
life,56
life's,3
life24607,1
lifetime,3
lift,1
lightening,3
lighter,3
lighting,3
limited,3
line,2
link,4
linked,1
linux,1
liquid,3
lisa,1
liseli,1
list,3
listen,1
listing,4
live,5
living,3
ljnhz,1
ll4k4,1
llig,2
lmk,1
load,1
loan,10
loans,6
locations,1
lock,1
log,1
logos,1
lollipops,1
lonely,1
looked,1
loose,1
lose,26
loser,2
losing,2
loss,10
lot,1
lots,12
love,5
loved,2
lovers,3
low,36
lower,3
lowest,24
lows,2
lowvw,1
lqdddq,1
lrmjq,1
lry,1
lsb36,1
lsc,1
ltc,4
ltci,1
lwl,1
lzgsy,1
machine,1
magazine,1
magic,1
magical,1
magnetic,1
mai,1
mail,13
maillist,6
maintenance,4
major,4
maker,9
makers,2
makes,3
male,1
mall,1
management,2
manager,3
manuel,1
market,17
marketing,25
marketplace,2
marking,1
married,1
mastercard,2
materials,1
matter,1
mbnq,1
mbvod,1
mcafee,1
mcle,2
mde,2
meatdemons,1
media,1
medical,2
medically,1
meet,4
meeting,3
meetings,1
megasite,1
mellow,1
membership,18
memorial,1
memory,2
mentioned,1
merchant,6
message,2
messages,1
method,2
mich,2
michael,3
microsoft,1
mighty,1
mil,3
mile,1
milfs,1
million,16
millionaire,2
millions,3
milosevica,4
mind,1
mind:opt,1
minder.net,1
mini,3
minimize,2
minute,9
minutes,8
mis,2
miss,7
missed,1
mistake,1
mlb,2
mlm,12
mln,2
mmercials,2
mnbfa,1
mnw,1
mobile,3
model,1
modeling,1
models,1
mofjn,1
mois,1
moment,2
money,73
moneyzdvijo,1
monitor,1
monotony,2
month,27
monthly,8
months,1
mood,2
moode,2
mortgage,73
mortgagefkzqeljhyno,1
motgages,3
mothers,4
motion,2
motor,2
motorcycle,1
movie,8
movie.f4y3,1
movies,3
moving,1
mp3,4
mparu,1
msnbc,8
mtv,1
multi,2
multimedia,2
multiply,4
muscle,5
muscles,1
mutually,2
muzik,1
mvcmv,2
mwnk,1
myg,2
myth,1
naaqd,1
naked,1
names,3
national,2
natural,8
naturally,5
nbd,1
ncify,2
negative,1
nehrb,2
neotropin,1
nest,1
net,7
netf5f8m1,1
netnoteinc.com,7
neu,2
news,19
newsletter,9
nft,1
ngw,1
nhaxn,1
nice,2
nicknames,1
night,2
nights,4
njou7,1
nmv,1
nnroyki,1
noaz,2
noch,2
noise,2
nokia,1
norton,23
notch,1
notice,2
noticed,3
notification,5
nous,1
november,2
nows,1
nox,1
ntbri,1
ntduqrvxtcpsu9lazuxhp83yru1bsuy12na3tcs7,2
nticy,2
ntsj,1
nttvo,1
ntzy,1
nude,1
nuj6os05cciopf5hlieqpvaycsqkje45lt5sgyhc,6
nuyiifa3s19fyqzieec3llvt,1
nwkfj,1
o1xms,2
obd,1
obesity,3
obsolete,1
obtain,1
obtaining,1
obum,1
oceans,1
oct,3
ocw,1
odrekao,4
oefik,2
offer,6
offerclub,2
offerid,3
offers,5
offert,1
office,3
offring,1
oil,1
ojd,1
oko,1
olibykn,3
olun,2
omaha,1
oncxbv,1
online,46
oops,1
opp,1
opportunities,3
opportunity,16
opt,1
ordering8932,1
organizer,2
orgasm,1
orgies,1
oriented,1
original,2
orlando,1
ornaments,4
osawa,2
otq,2
outstanding,3
ovcnd,2
ovdkspcr,1
ovn610,1
owe,4
owner,2
owwra,1
oydqh,2
p.o,1
p.s,1
p0ol,1
p5fi3,1
package,3
page,5
pages,1
paid,6
pal,1
palmpilot,1
paper,1
paperless,2
para,1
partners,1
partnership,12
pass,3
passes,2
password,5
passwords,2
patch,2
patrick,1
pay,21
paycheck,5
paying,7
payment,7
payments,1
payouts,1
paypal,1
paysite,2
pc's,2
pcptu,1
peace,3
peers,1
penetrations,1
penile,3
penis,5
pennies,10
pension,2
people,9
percent,1
perfect,1
performance,1
perscription,1
personal,6
petcarerx.com,1
pfyexhf,1
pharmacy,2
phentermine,5
phentrimine,1
pheromone,1
phone,27
photo,2
photo's,1
photos,1
pic,1
pick,9
pics,2
pictures,7
piece,2
pill,3
pills,2
pipermail,2
pitt,1
pknkn,1
pkqolhil,1
placement,4
plan,7
planned,2
plans,7
plants,3
platinum,3
play,10
player,1
player.d7l7,1
player.x1m5l2i4,1
players,4
playstation,4
plea,1
pleasure,1
plenty,2
pmgeiser,1
pnmkf,1
pobiv,1
pocket,1
poker,8
polariod,1
police,2
policies,3
policy,9
poor,1
popular,2
porn,8
portfolio,3
post,1
postal,1
pot,1
potential,2
pounds,9
power,7
powerball,2
powerful,4
powerseller,2
ppu,2
prank,5
preferred,1
premier,4
premium,1
prepaid,1
prepare,1
prescription,9
prescriptions,2
presentation,1
presidentielles,1
press,1
prevent,2
prevents,1
price,19
prices,12
printer,9
printers,1
prints,3
priority,1
prirodu,1
privacy,6
privacy4533,1
private,12
pro,2
processing,4
producer,2
producers,3
product,13
production,4
productivity,1
products,1
professional,3
profit,1
profitable,2
profits,4
program,7
programmed,1
programming,2
project,1
promote,5
promotion,2
proof,1
propecia,1
property,2
proposal,6
proscrastinate,2
prospects,6
protect,15
protected,4
protection,6
proven,4
provided,2
provider,1
pru,3
ptjti,2
public,1
publications,1
publish,4
publishing,5
purchase,2
pure,1
purpose,1
pussy,2
pviqg,2
pzcby,2
qdhp,1
qeeb,4
qhzhc,2
qiakh,1
qiih,1
qkdjtqsscr,2
qmpyq,1
qo60rdc,2
qpag,1
qsv,1
qualified,1
qualifies,1
quality,7
quantities_only,3
quelqu'un,1
question,1
quick,3
quickly,12
quote,24
quotes,11
qwof,1
qxjx,2
raging,1
rape,2
rare,1
rate,27
rated,1
rates,63
rbz,1
re:more,1
reach,6
read,10
reading,1
ready,5
real,19
realistic,1
rebuild,1
received,1
recipe,1
recognized,1
recommendation,2
record,5
recorder,2
recorders,1
records,1
recruiting,4
redesigns,1
reduce,4
reduction,1
referencement,1
refi,1
refi'd,3
refinance,9
refinancing,2
regain,1
register,3
registration,5
regular,2
rejoins,1
rejuvenation,1
reklama,2
rekq96sjre5,2
relationship,4
release,4
relief,1
remeber,2
remember,4
remote,1
remove,1
rencontre,1
renewal,4
renewals,1
repair,7
repair.do,2
repay,1
replica,4
reply,3
report,8
reps,18
request,13
requested,5
required,3
requiremus,1
reseller,2
residual,3
response,2
result,1
results,3
resultsipzc,1
resume,3
retail,2
retire,1
return,1
returns,2
reunion,1
revealed,1
reveals,2
reverse,2
review,1
revolution,2
revolutionize,1
rftmbswfn,1
rgcsopmx,1
ribbons,1
rich,7
ring,1
ripped,2
rising,2
risk,6
rite,1
riym,1
rjgu10,1
rkq,2
rmay,2
road,4
rocket,2
rocks,3
roller,1
rom,3
romanian,1
roster,2
roth,1
rotor,4
round,1
royal,2
royalmeds.com,1
rsharp2,1
rsirtr,2
ruin,4
rumored,1
running,1
russia,1
rvh,2
rxewvrs4srhztldx9e3x,2
s8y3c6v4xles2ar1snomv7,1
safe,8
safely,2
safety,2
sale,20
sale_limited,3
sale_only,11
sales,18
saling,1
salutes,1
sample,4
sandy,3
sanitary,1
satalk,2
satellite,7
satisfy,4
saturday,2
saudi,1
save,35
saving,2
savings,4
scared,2
scheduling,2
science,1
scoop,11
screened,3
search,8
secret,9
secretly,4
secrets,4
secure,1
secured,2
securely,1
security,2
seed,1
seeking,5
seguran,1
seized,2
selected,2
sell,2
sellers,3
selling,3
seminar,1
seminars,2
send,6
sending,2
sense,1
seo,2
september,2
septembre,4
septic,2
server,1
service,3
services,9
set,4
setting,1
sex,11
sexabenteuer,2
sexual,3
sexy,1
shame,1
shape,3
share,3
ship,2
shipment,4
shipping,7
shop,4
shopping,5
short,2
shots,2
shut,1
sickest,1
signal,2
signups,6
simple,1
singers,1
single,1
singles,7
sinirsiz,2
site,12
sites,8
sitescooper,2
situation,1
size,7
sizes,1
sizzling,1
sjhfl,2
skills,4
skin,2
sky,2
skyxtgm,2
slashed,6
slashing,1
slim,6
slobodana,4
sluts,3
smart,2
smbqt,1
smell,1
smoker,1
smokers,1
smokes,4
smoking,1
smut,1
social,36
software,28
soleil,1
solution,1
sondage,1
sonlsnaik,2
source,5
space,1
spain,2
spam,6
spamassassin.taint.org,5
special,8
specialist,2
specialists,1
spectrum,1
speed,3
spend,2
spent,4
spice,1
spoke,2
sponsorrating,2
sponsorship,2
spring,1
spruce,2
sps,4
sql,1
ssva,1
star,2
stars,1
start,7
started,1
stash,2
status,6
stay,3
steaks,1
step,2
steps,1
stickiest,1
stimulant,1
stock,15
stockpicks,1
stocks,1
stoned,1
stop,9
store,1
stored,1
stores,1
streams,4
street's,2
strength,1
strictly,1
striptease,1
strong,2
students,2
study,1
stuff,3
stun,1
style,1
sua,1
subject,6
submission,2
subscription,2
substitute,1
success,2
suchen,2
suffering,1
suhdn,1
suite,4
summer,15
summit,2
sun,1
super,6
supplements,1
supply,3
support,11
surgery,1
surprise,1
surveillance,1
survey,6
sweet,1
swi,1
swiss,2
sxqnc6buaw1lohrvoeludmvzdkb5b3vyofdheq,1
system,8
systemworks,36
systemworks2002,2
szfdk,1
t'aime,1
t4are,1
t4hvhyesgjop4dzqbvillg,1
taf,1
taint.org,3
taking,1
tangled,1
tank,2
tape,1
target,2
targeted,2
tasting,2
tax,3
taxes,2
tba,5
tctoom,2
teach,6
technology,4
teen,6
teens,3
teeth,3
telecom,3
telemarketers,1
telephone,1
templates,1
ten,1
teoqknmp,1
term,11
test,1
testing,2
tgym,1
thanksgiving,1
theater,2
thermal,1
thickness,1
thighs,2
thisdgsrw,1
thousands,3
tickets,6
tidbits,2
time,35
time:pm,1
times,3
tips,3
tired,5
titis,1
tits,2
titties,1
tivo,1
tobacco,8
today's,3
tombrandon,1
tomorrow,1
tomorrows,1
ton,1
toner,4
toners,19
tones,2
tonight,5
tool,2
top,9
totally,2
totaly,1
tough,2
toys,2
tracking,2
tracks,1
trade,2
trader,3
traderlist.com,1
traders,1
trading,4
traditional,1
trail,1
training,1
tranquility,2
transfer,1
travel,4
travelers,1
treasury,1
treat,4
treme,2
trial,16
trinh,1
trip,1
triple,3
true,2
trust,1
truth,8
tsoob,1
tuesday,1
tupdt,1
turbo,1
types,1
u.l,1
u.s,4
u3vuznjvbsbsawdodgluzyde,2
ucq,1
ufhvv,1
uio,1
ujolk,1
uk's,2
uleio,2
ultimate,4
unbeatable,1
uncover,5
undeliverable,2
undervalued,2
undoc,2
unhappy,1
unique,2
university,3
unleash,2
unlimited,4
untapped,1
uow8,2
update,5
upgraded,1
upgrades,2
upside,1
uqouq,1
urgent,26
url,1
usa,2
user,3
users,1
uyz,1
vaaa,1
vacation,4
vagina,1
valuable,1
var,2
vary,1
vdbs,1
vegas,3
vehicle,3
vereceksiniz,1
verified,1
verify,5
version,5
veuve,2
vfafu,2
vhcw,1
viagra,34
victim,1
video,4
videos,3
vip,2
viral,2
virus,7
viruses,4
virusscan,1
visa,2
visited,3
vjd,1
vjf,1
vkp,1
vocabulary,1
voice,1
vojtgt,2
votre,1
vtge,1
vtyp,1
vurpw,1
vwiid,2
vyw,3
w1ypq,1
w8dfrs28xqw,2
wait,8
waiting,5
walk,4
walks,4
wall,2
wanna,2
war,1
ware,1
warez,4
warning,2
warranties,15
warranty,6
warren,2
wars,3
washington,2
wassup,2
waste,2
watch,10
watching,2
wealth,5
web,13
web's,6
webbook,2
webcam,8
webdesignhq,2
webhosting,1
webmaster,2
website,6
websites,9
webxperts.com,2
wednesday,1
week,9
weekend,2
weekly,1
weekly_guaranteed27147,1
weeks,12
wei,3
weight,14
welfare,2
whats,1
whitening,2
whnyf,1
wholesale,5
whoopee,1
whoring,2
wife,2
wilson,1
win,7
windows,3
wine,2
winner,2
winners,1
winni,1
wir,2
wire,2
wireless,3
wishing,1
wives,3
wju,2
wmcn,1
wme239pgyetfr9p4nvyewkjcekwh,1
woman,2
women,12
won,5
wonderful,2
world,4
world's,1
worldwide,1
worried,1
worst,1
wow,2
wraps,3
write,2
wtmi0xndgt,3
www,2
www.efi.ie,3
www.internationafreecall.com,2
www.taint.org,1
wxv4m,1
wz6lo,1
wzwjt,1
xaxft,2
xb8col5jqaf1adream,1
xdkor,1
xenical,1
xgab,1
xghtmtggc,2
xmxp,1
xoxun,2
xwczh,1
xxx,1
yard,1
yazilimlari,4
ybf,1
yeni,2
ygr,1
yhe,1
ylon,1
ymf,1
yohvtp2ksxrjqizjxdhxkrtfbjho,1
york,2
yotgy,1
youth,5
youthful,2
yrs,1
ytu855,2
yuf,1
yuo,1
yyyy,22
yyyyason.us,1
zbm,2
zebpj,1
zib,1
zibdrzpay,1
zjgu,1
ztpxx,1
zumtidu,1
zwzm,1
zyban,1
zzzz,24
zzzz8969,2
zzzzason.org,2
